organization_name,school_name,school_shortcode,program_name
Lorena Bettoni,School Suri 31,TIJH345,Bada Genius
Lorena Bettoni,School Suri 32,TIJH346,Bada STEM
Lorena Bettoni,School Suri 33,TIJH347,ESL
Lorena Bettoni,School Suri 34,TIJH348,Bada Read
Lorena Bettoni,School Suri 35,TIJH349,Bada Genius
Lorena Bettoni,School Suri 36,TIJH350,Bada Math
Lorena Bettoni,School Suri 37,TIJH351,Bada STEM
Lorena Bettoni,School Suri 38,TIJH352,Bada Talk
Lorena Bettoni,School Suri 39,TIJH353,ESL
Lorena Bettoni,School Suri 40,TIJH354,Bada Read
